
[
  {
    "nom": "LICENCE LPSIL",
    "duree": 3,
    "responsable": {
      "nom": "amidala",
      "photo": "amidala",
      "remarque": "bla bla bla "
    },
    "matieres": [
      {
        "nom": "Anglais",
        "coef": 2
      },
      {
        "nom": "Info",
        "coef": 5
      },
      {
        "nom": "maths",
        "coef": 3
      },
      {
        "nom": "Exp-com",
        "coef": 1
      }
    ]
  },
  {
    "nom": "DUT GEA",
    "duree": 2,
    "responsable": {
      "nom": "blue",
      "photo": "blue",
      "remarque": "bla bla bla "
    },
    "matieres": [
      {
        "nom": "Anglais",
        "coef": 2
      },
      {
        "nom": "Info",
        "coef": 5
      },
      {
        "nom": "maths",
        "coef": 3
      },
      {
        "nom": "Exp-com",
        "coef": 1
      }
    ]
  },
  {
    "nom": "DUT GEII",
    "duree": 2,
    "responsable": {
      "nom": "calrissian",
      "photo": "calrissian",
      "remarque": "bla bla bla "
    },
    "matieres": [
      {
        "nom": "Anglais",
        "coef": 2
      },
      {
        "nom": "Info",
        "coef": 5
      },
      {
        "nom": "maths",
        "coef": 3
      },
      {
        "nom": "Exp-com",
        "coef": 1
      }
    ]
  },
  {
    "nom": "MIAGE",
    "duree": 5,
    "responsable": {
      "nom": "c3po",
      "photo": "c3po",
      "remarque": "bla bla bla "
    },
    "matieres": [
      {
        "nom": "Anglais",
        "coef": 2
      },
      {
        "nom": "Info",
        "coef": 5
      },
      {
        "nom": "maths",
        "coef": 3
      },
      {
        "nom": "Exp-com",
        "coef": 1
      }
    ]
  }
]

